"filename", "language", "TypeScript", "PostCSS", "TypeScript JSX", "comment", "blank", "total"
"c:\Users\david\Downloads\marosProject\maros-next\src\app\AppProviders.tsx", "TypeScript JSX", 0, 0, 19, 0, 5, 24
"c:\Users\david\Downloads\marosProject\maros-next\src\app\company\page.tsx", "TypeScript JSX", 0, 0, 4, 0, 2, 6
"c:\Users\david\Downloads\marosProject\maros-next\src\app\contacts\page.tsx", "TypeScript JSX", 0, 0, 4, 0, 2, 6
"c:\Users\david\Downloads\marosProject\maros-next\src\app\customers\page.tsx", "TypeScript JSX", 0, 0, 4, 0, 2, 6
"c:\Users\david\Downloads\marosProject\maros-next\src\app\layout.tsx", "TypeScript JSX", 0, 0, 42, 2, 6, 50
"c:\Users\david\Downloads\marosProject\maros-next\src\app\leads\construction\page.tsx", "TypeScript JSX", 0, 0, 6, 0, 3, 9
"c:\Users\david\Downloads\marosProject\maros-next\src\app\leads\plumbing\page.tsx", "TypeScript JSX", 0, 0, 6, 0, 3, 9
"c:\Users\david\Downloads\marosProject\maros-next\src\app\leads\roofing\page.tsx", "TypeScript JSX", 0, 0, 6, 0, 3, 9
"c:\Users\david\Downloads\marosProject\maros-next\src\app\not-found.tsx", "TypeScript JSX", 0, 0, 27, 0, 6, 33
"c:\Users\david\Downloads\marosProject\maros-next\src\app\page.tsx", "TypeScript JSX", 0, 0, 25, 0, 3, 28
"c:\Users\david\Downloads\marosProject\maros-next\src\components\sidebar\MobileMenuButton.tsx", "TypeScript JSX", 0, 0, 16, 0, 4, 20
"c:\Users\david\Downloads\marosProject\maros-next\src\components\sidebar\Sidebar.tsx", "TypeScript JSX", 0, 0, 92, 0, 12, 104
"c:\Users\david\Downloads\marosProject\maros-next\src\components\sidebar\SidebarContext.tsx", "TypeScript JSX", 0, 0, 29, 0, 9, 38
"c:\Users\david\Downloads\marosProject\maros-next\src\components\sidebar\SidebarDropdown.tsx", "TypeScript JSX", 0, 0, 49, 2, 9, 60
"c:\Users\david\Downloads\marosProject\maros-next\src\components\sidebar\SidebarItem.tsx", "TypeScript JSX", 0, 0, 36, 0, 8, 44
"c:\Users\david\Downloads\marosProject\maros-next\src\components\sidebar\index.ts", "TypeScript", 5, 0, 0, 0, 1, 6
"c:\Users\david\Downloads\marosProject\maros-next\src\components\sidebar\sidebarConfig.ts", "TypeScript", 70, 0, 0, 10, 7, 87
"c:\Users\david\Downloads\marosProject\maros-next\src\di\DiProvider.tsx", "TypeScript JSX", 0, 0, 60, 8, 11, 79
"c:\Users\david\Downloads\marosProject\maros-next\src\di\factories\companyFactory.ts", "TypeScript", 10, 0, 0, 4, 2, 16
"c:\Users\david\Downloads\marosProject\maros-next\src\di\factories\contactsFactory.ts", "TypeScript", 10, 0, 0, 4, 3, 17
"c:\Users\david\Downloads\marosProject\maros-next\src\di\factories\index.ts", "TypeScript", 4, 0, 0, 10, 2, 16
"c:\Users\david\Downloads\marosProject\maros-next\src\di\factories\leadsFactory.ts", "TypeScript", 18, 0, 0, 4, 2, 24
"c:\Users\david\Downloads\marosProject\maros-next\src\di\factories\projectTypesFactory.ts", "TypeScript", 9, 0, 0, 4, 2, 15
"c:\Users\david\Downloads\marosProject\maros-next\src\di\index.ts", "TypeScript", 1, 0, 0, 0, 1, 2
"c:\Users\david\Downloads\marosProject\maros-next\src\features\company\application\context.ts", "TypeScript", 15, 0, 0, 0, 3, 18
"c:\Users\david\Downloads\marosProject\maros-next\src\features\company\application\index.ts", "TypeScript", 7, 0, 0, 0, 1, 8
"c:\Users\david\Downloads\marosProject\maros-next\src\features\company\application\keys\companyKeys.ts", "TypeScript", 10, 0, 0, 0, 2, 12
"c:\Users\david\Downloads\marosProject\maros-next\src\features\company\application\keys\index.ts", "TypeScript", 1, 0, 0, 0, 1, 2
"c:\Users\david\Downloads\marosProject\maros-next\src\features\company\application\ports\CompanyRepositoryPort.ts", "TypeScript", 9, 0, 0, 0, 2, 11
"c:\Users\david\Downloads\marosProject\maros-next\src\features\company\application\ports\index.ts", "TypeScript", 1, 0, 0, 0, 1, 2
"c:\Users\david\Downloads\marosProject\maros-next\src\features\company\application\usecases\commands\createCompany.ts", "TypeScript", 9, 0, 0, 0, 2, 11
"c:\Users\david\Downloads\marosProject\maros-next\src\features\company\application\usecases\commands\deleteCompany.ts", "TypeScript", 8, 0, 0, 0, 2, 10
"c:\Users\david\Downloads\marosProject\maros-next\src\features\company\application\usecases\commands\index.ts", "TypeScript", 4, 0, 0, 0, 1, 5
"c:\Users\david\Downloads\marosProject\maros-next\src\features\company\application\usecases\commands\patchCompany.ts", "TypeScript", 11, 0, 0, 0, 2, 13
"c:\Users\david\Downloads\marosProject\maros-next\src\features\company\application\usecases\commands\updateCompanyWithContacts.ts", "TypeScript", 28, 0, 0, 12, 7, 47
"c:\Users\david\Downloads\marosProject\maros-next\src\features\company\application\usecases\companyCrud.ts", "TypeScript", 17, 0, 0, 0, 2, 19
"c:\Users\david\Downloads\marosProject\maros-next\src\features\company\application\usecases\companyServiceCrud.ts", "TypeScript", 17, 0, 0, 0, 2, 19
"c:\Users\david\Downloads\marosProject\maros-next\src\features\company\application\usecases\index.ts", "TypeScript", 2, 0, 0, 0, 1, 3
"c:\Users\david\Downloads\marosProject\maros-next\src\features\company\application\usecases\queries\getCompanyById.ts", "TypeScript", 9, 0, 0, 0, 2, 11
"c:\Users\david\Downloads\marosProject\maros-next\src\features\company\application\usecases\queries\index.ts", "TypeScript", 2, 0, 0, 0, 1, 3
"c:\Users\david\Downloads\marosProject\maros-next\src\features\company\application\usecases\queries\listCompanies.ts", "TypeScript", 5, 0, 0, 0, 2, 7
"c:\Users\david\Downloads\marosProject\maros-next\src\features\company\domain\index.ts", "TypeScript", 3, 0, 0, 0, 1, 4
"c:\Users\david\Downloads\marosProject\maros-next\src\features\company\domain\mappers\index.ts", "TypeScript", 3, 0, 0, 0, 1, 4
"c:\Users\david\Downloads\marosProject\maros-next\src\features\company\domain\mappers\toCompanyDraft.ts", "TypeScript", 14, 0, 0, 0, 2, 16
"c:\Users\david\Downloads\marosProject\maros-next\src\features\company\domain\mappers\toCompanyFormValue.ts", "TypeScript", 18, 0, 0, 0, 3, 21
"c:\Users\david\Downloads\marosProject\maros-next\src\features\company\domain\mappers\toCompanyPatch.ts", "TypeScript", 28, 0, 0, 0, 5, 33
"c:\Users\david\Downloads\marosProject\maros-next\src\features\company\domain\models\Company.ts", "TypeScript", 42, 0, 0, 0, 6, 48
"c:\Users\david\Downloads\marosProject\maros-next\src\features\company\domain\models\CompanyService.ts", "TypeScript", 14, 0, 0, 0, 4, 18
"c:\Users\david\Downloads\marosProject\maros-next\src\features\company\domain\models\index.ts", "TypeScript", 2, 0, 0, 0, 1, 3
"c:\Users\david\Downloads\marosProject\maros-next\src\features\company\domain\ports.ts", "TypeScript", 25, 0, 0, 9, 3, 37
"c:\Users\david\Downloads\marosProject\maros-next\src\features\company\index.ts", "TypeScript", 18, 0, 0, 4, 5, 27
"c:\Users\david\Downloads\marosProject\maros-next\src\features\company\infra\http\CompanyHttpRepository.ts", "TypeScript", 64, 0, 0, 0, 10, 74
"c:\Users\david\Downloads\marosProject\maros-next\src\features\company\infra\http\CompanyServiceHttpRepository.ts", "TypeScript", 71, 0, 0, 0, 9, 80
"c:\Users\david\Downloads\marosProject\maros-next\src\features\company\infra\http\endpoints.ts", "TypeScript", 10, 0, 0, 0, 4, 14
"c:\Users\david\Downloads\marosProject\maros-next\src\features\company\infra\http\mappers.ts", "TypeScript", 110, 0, 0, 0, 32, 142
"c:\Users\david\Downloads\marosProject\maros-next\src\features\company\infra\index.ts", "TypeScript", 2, 0, 0, 0, 1, 3
"c:\Users\david\Downloads\marosProject\maros-next\src\features\company\presentation\atoms\CompanyTypeBadge.tsx", "TypeScript JSX", 0, 0, 21, 0, 5, 26
"c:\Users\david\Downloads\marosProject\maros-next\src\features\company\presentation\atoms\ServiceBadge.tsx", "TypeScript JSX", 0, 0, 21, 0, 4, 25
"c:\Users\david\Downloads\marosProject\maros-next\src\features\company\presentation\atoms\index.ts", "TypeScript", 2, 0, 0, 0, 1, 3
"c:\Users\david\Downloads\marosProject\maros-next\src\features\company\presentation\helpers\companyFormHelpers.ts", "TypeScript", 57, 0, 0, 17, 9, 83
"c:\Users\david\Downloads\marosProject\maros-next\src\features\company\presentation\helpers\index.ts", "TypeScript", 1, 0, 0, 0, 1, 2
"c:\Users\david\Downloads\marosProject\maros-next\src\features\company\presentation\hooks\index.ts", "TypeScript", 5, 0, 0, 0, 1, 6
"c:\Users\david\Downloads\marosProject\maros-next\src\features\company\presentation\hooks\useCompaniesPageLogic.ts", "TypeScript", 160, 0, 0, 24, 25, 209
"c:\Users\david\Downloads\marosProject\maros-next\src\features\company\presentation\hooks\useCompaniesTableColumns.tsx", "TypeScript JSX", 0, 0, 103, 0, 4, 107
"c:\Users\david\Downloads\marosProject\maros-next\src\features\company\presentation\hooks\useCompaniesTableLogic.ts", "TypeScript", 163, 0, 0, 0, 16, 179
"c:\Users\david\Downloads\marosProject\maros-next\src\features\company\presentation\hooks\useCompanyContactModal.ts", "TypeScript", 50, 0, 0, 4, 9, 63
"c:\Users\david\Downloads\marosProject\maros-next\src\features\company\presentation\hooks\useCompanyCreateModal.ts", "TypeScript", 69, 0, 0, 4, 11, 84
"c:\Users\david\Downloads\marosProject\maros-next\src\features\company\presentation\hooks\useCompanyEditModal.ts", "TypeScript", 78, 0, 0, 5, 9, 92
"c:\Users\david\Downloads\marosProject\maros-next\src\features\company\presentation\hooks\useCompanyModal.ts", "TypeScript", 56, 0, 0, 0, 8, 64
"c:\Users\david\Downloads\marosProject\maros-next\src\features\company\presentation\hooks\useCompanyModalSection.ts", "TypeScript", 0, 0, 0, 0, 1, 1
"c:\Users\david\Downloads\marosProject\maros-next\src\features\company\presentation\hooks\useCompanyMutations.ts", "TypeScript", 72, 0, 0, 0, 6, 78
"c:\Users\david\Downloads\marosProject\maros-next\src\features\company\presentation\hooks\useCompanyServiceContextMenu.ts", "TypeScript", 66, 0, 0, 0, 8, 74
"c:\Users\david\Downloads\marosProject\maros-next\src\features\company\presentation\hooks\useCompanyServices.ts", "TypeScript", 43, 0, 0, 4, 7, 54
"c:\Users\david\Downloads\marosProject\maros-next\src\features\company\presentation\hooks\useCreateCompanyController.ts", "TypeScript", 73, 0, 0, 0, 15, 88
"c:\Users\david\Downloads\marosProject\maros-next\src\features\company\presentation\hooks\useDeleteCompanyController.ts", "TypeScript", 41, 0, 0, 0, 10, 51
"c:\Users\david\Downloads\marosProject\maros-next\src\features\company\presentation\hooks\useInstantCompanies.ts", "TypeScript", 45, 0, 0, 4, 8, 57
"c:\Users\david\Downloads\marosProject\maros-next\src\features\company\presentation\hooks\useManageServices.ts", "TypeScript", 155, 0, 0, 0, 20, 175
"c:\Users\david\Downloads\marosProject\maros-next\src\features\company\presentation\hooks\useManageServicesModal.ts", "TypeScript", 15, 0, 0, 3, 5, 23
"c:\Users\david\Downloads\marosProject\maros-next\src\features\company\presentation\hooks\useUpdateCompanyController.ts", "TypeScript", 51, 0, 0, 0, 7, 58
"c:\Users\david\Downloads\marosProject\maros-next\src\features\company\presentation\index.ts", "TypeScript", 6, 0, 0, 0, 1, 7
"c:\Users\david\Downloads\marosProject\maros-next\src\features\company\presentation\molecules\CompaniesPageActions.tsx", "TypeScript JSX", 0, 0, 22, 0, 3, 25
"c:\Users\david\Downloads\marosProject\maros-next\src\features\company\presentation\molecules\CompaniesToolbar.tsx", "TypeScript JSX", 0, 0, 71, 0, 7, 78
"c:\Users\david\Downloads\marosProject\maros-next\src\features\company\presentation\molecules\CompanyForm.tsx", "TypeScript JSX", 0, 0, 94, 0, 11, 105
"c:\Users\david\Downloads\marosProject\maros-next\src\features\company\presentation\molecules\EmptyCompaniesState.tsx", "TypeScript JSX", 0, 0, 17, 0, 3, 20
"c:\Users\david\Downloads\marosProject\maros-next\src\features\company\presentation\molecules\ErrorAlert.tsx", "TypeScript JSX", 0, 0, 15, 0, 3, 18
"c:\Users\david\Downloads\marosProject\maros-next\src\features\company\presentation\molecules\ServiceFormView.tsx", "TypeScript JSX", 0, 0, 44, 0, 4, 48
"c:\Users\david\Downloads\marosProject\maros-next\src\features\company\presentation\molecules\ServicesListView.tsx", "TypeScript JSX", 0, 0, 85, 0, 4, 89
"c:\Users\david\Downloads\marosProject\maros-next\src\features\company\presentation\molecules\form\CompanyBasicFields.tsx", "TypeScript JSX", 0, 0, 39, 0, 3, 42
"c:\Users\david\Downloads\marosProject\maros-next\src\features\company\presentation\molecules\form\CompanyCheckboxField.tsx", "TypeScript JSX", 0, 0, 23, 0, 3, 26
"c:\Users\david\Downloads\marosProject\maros-next\src\features\company\presentation\molecules\form\CompanyContactsSelector.tsx", "TypeScript JSX", 0, 0, 115, 0, 9, 124
"c:\Users\david\Downloads\marosProject\maros-next\src\features\company\presentation\molecules\form\CompanyTypeFields.tsx", "TypeScript JSX", 0, 0, 49, 0, 3, 52
"c:\Users\david\Downloads\marosProject\maros-next\src\features\company\presentation\molecules\form\companyTypeOptions.ts", "TypeScript", 12, 0, 0, 0, 3, 15
"c:\Users\david\Downloads\marosProject\maros-next\src\features\company\presentation\molecules\form\index.ts", "TypeScript", 6, 0, 0, 0, 1, 7
"c:\Users\david\Downloads\marosProject\maros-next\src\features\company\presentation\molecules\form\useCompanyFormHandlers.ts", "TypeScript", 53, 0, 0, 0, 9, 62
"c:\Users\david\Downloads\marosProject\maros-next\src\features\company\presentation\molecules\index.ts", "TypeScript", 10, 0, 0, 0, 1, 11
"c:\Users\david\Downloads\marosProject\maros-next\src\features\company\presentation\organisms\CompaniesTable.tsx", "TypeScript JSX", 0, 0, 93, 0, 10, 103
"c:\Users\david\Downloads\marosProject\maros-next\src\features\company\presentation\organisms\CompaniesTableSkeleton.tsx", "TypeScript JSX", 0, 0, 49, 0, 4, 53
"c:\Users\david\Downloads\marosProject\maros-next\src\features\company\presentation\organisms\CompanyModal.tsx", "TypeScript JSX", 0, 0, 67, 0, 3, 70
"c:\Users\david\Downloads\marosProject\maros-next\src\features\company\presentation\organisms\ManageServicesModal.tsx", "TypeScript JSX", 0, 0, 119, 0, 8, 127
"c:\Users\david\Downloads\marosProject\maros-next\src\features\company\presentation\organisms\index.ts", "TypeScript", 4, 0, 0, 0, 1, 5
"c:\Users\david\Downloads\marosProject\maros-next\src\features\company\presentation\pages\CompaniesPage.tsx", "TypeScript JSX", 0, 0, 7, 16, 4, 27
"c:\Users\david\Downloads\marosProject\maros-next\src\features\company\presentation\pages\CompaniesPageView.tsx", "TypeScript JSX", 0, 0, 151, 8, 8, 167
"c:\Users\david\Downloads\marosProject\maros-next\src\features\company\presentation\pages\index.ts", "TypeScript", 1, 0, 0, 0, 1, 2
"c:\Users\david\Downloads\marosProject\maros-next\src\features\contact\application\context.ts", "TypeScript", 12, 0, 0, 0, 3, 15
"c:\Users\david\Downloads\marosProject\maros-next\src\features\contact\application\index.ts", "TypeScript", 4, 0, 0, 0, 1, 5
"c:\Users\david\Downloads\marosProject\maros-next\src\features\contact\application\keys\contactsKeys.ts", "TypeScript", 4, 0, 0, 0, 1, 5
"c:\Users\david\Downloads\marosProject\maros-next\src\features\contact\application\usecases\commands\createContact.ts", "TypeScript", 7, 0, 0, 0, 2, 9
"c:\Users\david\Downloads\marosProject\maros-next\src\features\contact\application\usecases\commands\deleteContact.ts", "TypeScript", 4, 0, 0, 0, 2, 6
"c:\Users\david\Downloads\marosProject\maros-next\src\features\contact\application\usecases\commands\index.ts", "TypeScript", 3, 0, 0, 0, 1, 4
"c:\Users\david\Downloads\marosProject\maros-next\src\features\contact\application\usecases\commands\patchContact.ts", "TypeScript", 16, 0, 0, 0, 3, 19
"c:\Users\david\Downloads\marosProject\maros-next\src\features\contact\application\usecases\index.ts", "TypeScript", 2, 0, 0, 0, 1, 3
"c:\Users\david\Downloads\marosProject\maros-next\src\features\contact\application\usecases\queries\getContactById.ts", "TypeScript", 15, 0, 0, 0, 2, 17
"c:\Users\david\Downloads\marosProject\maros-next\src\features\contact\application\usecases\queries\index.ts", "TypeScript", 3, 0, 0, 0, 1, 4
"c:\Users\david\Downloads\marosProject\maros-next\src\features\contact\application\usecases\queries\listContacts.ts", "TypeScript", 5, 0, 0, 0, 2, 7
"c:\Users\david\Downloads\marosProject\maros-next\src\features\contact\application\usecases\queries\validateContactUniqueness.ts", "TypeScript", 15, 0, 0, 0, 2, 17
"c:\Users\david\Downloads\marosProject\maros-next\src\features\contact\domain\ContactRole.ts", "TypeScript", 118, 0, 0, 22, 23, 163
"c:\Users\david\Downloads\marosProject\maros-next\src\features\contact\domain\index.ts", "TypeScript", 5, 0, 0, 0, 1, 6
"c:\Users\david\Downloads\marosProject\maros-next\src\features\contact\domain\mappers\index.ts", "TypeScript", 3, 0, 0, 0, 1, 4
"c:\Users\david\Downloads\marosProject\maros-next\src\features\contact\domain\mappers\toContactDraft.ts", "TypeScript", 19, 0, 0, 0, 2, 21
"c:\Users\david\Downloads\marosProject\maros-next\src\features\contact\domain\mappers\toContactFormValue.ts", "TypeScript", 16, 0, 0, 0, 2, 18
"c:\Users\david\Downloads\marosProject\maros-next\src\features\contact\domain\mappers\toContactPatch.ts", "TypeScript", 41, 0, 0, 13, 7, 61
"c:\Users\david\Downloads\marosProject\maros-next\src\features\contact\domain\models.ts", "TypeScript", 103, 0, 0, 0, 14, 117
"c:\Users\david\Downloads\marosProject\maros-next\src\features\contact\domain\ports.ts", "TypeScript", 19, 0, 0, 5, 4, 28
"c:\Users\david\Downloads\marosProject\maros-next\src\features\contact\domain\services\applyContactPatch.ts", "TypeScript", 111, 0, 0, 0, 11, 122
"c:\Users\david\Downloads\marosProject\maros-next\src\features\contact\domain\services\buildContactDraft.ts", "TypeScript", 32, 0, 0, 0, 7, 39
"c:\Users\david\Downloads\marosProject\maros-next\src\features\contact\domain\services\contactIdentityPolicy.ts", "TypeScript", 54, 0, 0, 0, 11, 65
"c:\Users\david\Downloads\marosProject\maros-next\src\features\contact\domain\services\contactMergePolicy.ts", "TypeScript", 46, 0, 0, 0, 9, 55
"c:\Users\david\Downloads\marosProject\maros-next\src\features\contact\domain\services\contactQueries.ts", "TypeScript", 14, 0, 0, 0, 2, 16
"c:\Users\david\Downloads\marosProject\maros-next\src\features\contact\domain\services\contactReadMapper.ts", "TypeScript", 76, 0, 0, 0, 8, 84
"c:\Users\david\Downloads\marosProject\maros-next\src\features\contact\domain\services\contactUniquenessPolicy.ts", "TypeScript", 66, 0, 0, 0, 11, 77
"c:\Users\david\Downloads\marosProject\maros-next\src\features\contact\domain\services\contactValidation.ts", "TypeScript", 84, 0, 0, 0, 10, 94
"c:\Users\david\Downloads\marosProject\maros-next\src\features\contact\domain\services\ensureContactDraftIntegrity.ts", "TypeScript", 54, 0, 0, 0, 5, 59
"c:\Users\david\Downloads\marosProject\maros-next\src\features\contact\domain\services\ensureContactIntegrity.ts", "TypeScript", 65, 0, 0, 0, 6, 71
"c:\Users\david\Downloads\marosProject\maros-next\src\features\contact\domain\services\index.ts", "TypeScript", 31, 0, 0, 0, 1, 32
"c:\Users\david\Downloads\marosProject\maros-next\src\features\contact\domain\services\mapContactDTO.ts", "TypeScript", 48, 0, 0, 0, 9, 57
"c:\Users\david\Downloads\marosProject\maros-next\src\features\contact\index.ts", "TypeScript", 10, 0, 0, 4, 4, 18
"c:\Users\david\Downloads\marosProject\maros-next\src\features\contact\infra\http\ContactHttpRepository.ts", "TypeScript", 59, 0, 0, 0, 12, 71
"c:\Users\david\Downloads\marosProject\maros-next\src\features\contact\infra\http\ContactUniquenessHttpService.ts", "TypeScript", 44, 0, 0, 0, 6, 50
"c:\Users\david\Downloads\marosProject\maros-next\src\features\contact\infra\http\endpoints.ts", "TypeScript", 7, 0, 0, 0, 3, 10
"c:\Users\david\Downloads\marosProject\maros-next\src\features\contact\infra\http\index.ts", "TypeScript", 3, 0, 0, 0, 1, 4
"c:\Users\david\Downloads\marosProject\maros-next\src\features\contact\infra\http\mappers.ts", "TypeScript", 115, 0, 0, 0, 17, 132
"c:\Users\david\Downloads\marosProject\maros-next\src\features\contact\infra\index.ts", "TypeScript", 4, 0, 0, 0, 1, 5
"c:\Users\david\Downloads\marosProject\maros-next\src\features\contact\presentation\atoms\CompanyCell.tsx", "TypeScript JSX", 0, 0, 22, 0, 4, 26
"c:\Users\david\Downloads\marosProject\maros-next\src\features\contact\presentation\atoms\ContactInfoDisplay.tsx", "TypeScript JSX", 0, 0, 46, 0, 6, 52
"c:\Users\david\Downloads\marosProject\maros-next\src\features\contact\presentation\atoms\index.ts", "TypeScript", 2, 0, 0, 0, 1, 3
"c:\Users\david\Downloads\marosProject\maros-next\src\features\contact\presentation\hooks\index.ts", "TypeScript", 6, 0, 0, 0, 1, 7
"c:\Users\david\Downloads\marosProject\maros-next\src\features\contact\presentation\hooks\useContactModal.ts", "TypeScript", 52, 0, 0, 0, 7, 59
"c:\Users\david\Downloads\marosProject\maros-next\src\features\contact\presentation\hooks\useContactMutations.ts", "TypeScript", 57, 0, 0, 0, 7, 64
"c:\Users\david\Downloads\marosProject\maros-next\src\features\contact\presentation\hooks\useContactsApplication.ts", "TypeScript", 65, 0, 0, 0, 9, 74
"c:\Users\david\Downloads\marosProject\maros-next\src\features\contact\presentation\hooks\useContactsPageLogic.ts", "TypeScript", 148, 0, 0, 27, 26, 201
"c:\Users\david\Downloads\marosProject\maros-next\src\features\contact\presentation\hooks\useContactsTableColumns.tsx", "TypeScript JSX", 0, 0, 126, 0, 4, 130
"c:\Users\david\Downloads\marosProject\maros-next\src\features\contact\presentation\hooks\useContactsTableLogic.ts", "TypeScript", 158, 0, 0, 0, 14, 172
"c:\Users\david\Downloads\marosProject\maros-next\src\features\contact\presentation\hooks\useInstantContacts.ts", "TypeScript", 47, 0, 0, 4, 8, 59
"c:\Users\david\Downloads\marosProject\maros-next\src\features\contact\presentation\index.ts", "TypeScript", 6, 0, 0, 0, 1, 7
"c:\Users\david\Downloads\marosProject\maros-next\src\features\contact\presentation\molecules\ContactForm.tsx", "TypeScript JSX", 0, 0, 178, 1, 7, 186
"c:\Users\david\Downloads\marosProject\maros-next\src\features\contact\presentation\molecules\ContactsToolbar.tsx", "TypeScript JSX", 0, 0, 53, 0, 7, 60
"c:\Users\david\Downloads\marosProject\maros-next\src\features\contact\presentation\molecules\index.ts", "TypeScript", 2, 0, 0, 0, 1, 3
"c:\Users\david\Downloads\marosProject\maros-next\src\features\contact\presentation\organisms\CompanyDetailsModal.tsx", "TypeScript JSX", 0, 0, 47, 0, 3, 50
"c:\Users\david\Downloads\marosProject\maros-next\src\features\contact\presentation\organisms\ContactsTable.tsx", "TypeScript JSX", 0, 0, 100, 0, 11, 111
"c:\Users\david\Downloads\marosProject\maros-next\src\features\contact\presentation\organisms\ContactsTableSkeleton.tsx", "TypeScript JSX", 0, 0, 58, 0, 4, 62
"c:\Users\david\Downloads\marosProject\maros-next\src\features\contact\presentation\organisms\index.ts", "TypeScript", 3, 0, 0, 0, 1, 4
"c:\Users\david\Downloads\marosProject\maros-next\src\features\contact\presentation\pages\ContactsPage.tsx", "TypeScript JSX", 0, 0, 7, 17, 4, 28
"c:\Users\david\Downloads\marosProject\maros-next\src\features\contact\presentation\pages\ContactsPageView.tsx", "TypeScript JSX", 0, 0, 127, 6, 7, 140
"c:\Users\david\Downloads\marosProject\maros-next\src\features\contact\presentation\pages\index.ts", "TypeScript", 1, 0, 0, 0, 1, 2
"c:\Users\david\Downloads\marosProject\maros-next\src\features\contact\presentation\search\contactsSearchConfig.ts", "TypeScript", 14, 0, 0, 0, 3, 17
"c:\Users\david\Downloads\marosProject\maros-next\src\features\contact\presentation\search\index.ts", "TypeScript", 4, 0, 0, 0, 1, 5
"c:\Users\david\Downloads\marosProject\maros-next\src\features\customers\application\hooks\useCompanyCustomers.ts", "TypeScript", 133, 0, 0, 0, 18, 151
"c:\Users\david\Downloads\marosProject\maros-next\src\features\customers\application\hooks\useCustomerCrudSection.ts", "TypeScript", 109, 0, 0, 1, 13, 123
"c:\Users\david\Downloads\marosProject\maros-next\src\features\customers\application\hooks\useInstantCustomers.ts", "TypeScript", 45, 0, 0, 9, 9, 63
"c:\Users\david\Downloads\marosProject\maros-next\src\features\customers\application\index.ts", "TypeScript", 3, 0, 0, 0, 1, 4
"c:\Users\david\Downloads\marosProject\maros-next\src\features\customers\domain\Customer.ts", "TypeScript", 7, 0, 0, 8, 3, 18
"c:\Users\david\Downloads\marosProject\maros-next\src\features\customers\domain\index.ts", "TypeScript", 2, 0, 0, 0, 1, 3
"c:\Users\david\Downloads\marosProject\maros-next\src\features\customers\domain\types.ts", "TypeScript", 1, 0, 0, 1, 1, 3
"c:\Users\david\Downloads\marosProject\maros-next\src\features\customers\index.ts", "TypeScript", 1, 0, 0, 7, 2, 10
"c:\Users\david\Downloads\marosProject\maros-next\src\features\customers\infra\http\CustomersHttpRepository.ts", "TypeScript", 33, 0, 0, 11, 9, 53
"c:\Users\david\Downloads\marosProject\maros-next\src\features\customers\infra\http\endpoints.ts", "TypeScript", 5, 0, 0, 0, 3, 8
"c:\Users\david\Downloads\marosProject\maros-next\src\features\customers\infra\http\index.ts", "TypeScript", 3, 0, 0, 0, 1, 4
"c:\Users\david\Downloads\marosProject\maros-next\src\features\customers\infra\http\mappers.ts", "TypeScript", 13, 0, 0, 7, 3, 23
"c:\Users\david\Downloads\marosProject\maros-next\src\features\customers\infra\index.ts", "TypeScript", 2, 0, 0, 0, 1, 3
"c:\Users\david\Downloads\marosProject\maros-next\src\features\customers\infra\keys.ts", "TypeScript", 3, 0, 0, 0, 1, 4
"c:\Users\david\Downloads\marosProject\maros-next\src\features\customers\presentation\components\CustomerCompaniesSection.tsx", "TypeScript JSX", 0, 0, 62, 0, 5, 67
"c:\Users\david\Downloads\marosProject\maros-next\src\features\customers\presentation\components\CustomerContactsSection.tsx", "TypeScript JSX", 0, 0, 111, 1, 12, 124
"c:\Users\david\Downloads\marosProject\maros-next\src\features\customers\presentation\components\CustomerCrudModal.tsx", "TypeScript JSX", 0, 0, 54, 0, 4, 58
"c:\Users\david\Downloads\marosProject\maros-next\src\features\customers\presentation\helpers\companyHelpers.ts", "TypeScript", 52, 0, 0, 0, 8, 60
"c:\Users\david\Downloads\marosProject\maros-next\src\features\customers\presentation\helpers\contactHelpers.ts", "TypeScript", 45, 0, 0, 6, 7, 58
"c:\Users\david\Downloads\marosProject\maros-next\src\features\customers\presentation\index.ts", "TypeScript", 4, 0, 0, 0, 1, 5
"c:\Users\david\Downloads\marosProject\maros-next\src\features\customers\presentation\pages\CustomersPage.tsx", "TypeScript JSX", 0, 0, 35, 1, 6, 42
"c:\Users\david\Downloads\marosProject\maros-next\src\features\customers\presentation\pages\index.ts", "TypeScript", 1, 0, 0, 0, 1, 2
"c:\Users\david\Downloads\marosProject\maros-next\src\features\customers\presentation\search\customerContactsSearchConfig.ts", "TypeScript", 15, 0, 0, 0, 3, 18
"c:\Users\david\Downloads\marosProject\maros-next\src\features\customers\presentation\search\index.ts", "TypeScript", 1, 0, 0, 0, 1, 2
"c:\Users\david\Downloads\marosProject\maros-next\src\features\leads\application\context.ts", "TypeScript", 21, 0, 0, 0, 3, 24
"c:\Users\david\Downloads\marosProject\maros-next\src\features\leads\application\errors\UseCaseError.ts", "TypeScript", 18, 0, 0, 0, 3, 21
"c:\Users\david\Downloads\marosProject\maros-next\src\features\leads\application\index.ts", "TypeScript", 16, 0, 0, 0, 1, 17
"c:\Users\david\Downloads\marosProject\maros-next\src\features\leads\application\keys\leadsKeys.ts", "TypeScript", 7, 0, 0, 0, 2, 9
"c:\Users\david\Downloads\marosProject\maros-next\src\features\leads\application\usecases\commands\changeLeadStatus.ts", "TypeScript", 19, 0, 0, 0, 5, 24
"c:\Users\david\Downloads\marosProject\maros-next\src\features\leads\application\usecases\commands\createLead.ts", "TypeScript", 62, 0, 0, 0, 6, 68
"c:\Users\david\Downloads\marosProject\maros-next\src\features\leads\application\usecases\commands\deleteLead.ts", "TypeScript", 8, 0, 0, 0, 2, 10
"c:\Users\david\Downloads\marosProject\maros-next\src\features\leads\application\usecases\commands\patchLead.ts", "TypeScript", 25, 0, 0, 0, 6, 31
"c:\Users\david\Downloads\marosProject\maros-next\src\features\leads\application\usecases\queries\fetchLeadsByType.ts", "TypeScript", 8, 0, 0, 0, 2, 10
"c:\Users\david\Downloads\marosProject\maros-next\src\features\leads\application\usecases\queries\getLeadById.ts", "TypeScript", 15, 0, 0, 0, 2, 17
"c:\Users\david\Downloads\marosProject\maros-next\src\features\leads\application\usecases\queries\listLeadsByType.ts", "TypeScript", 18, 0, 0, 0, 4, 22
"c:\Users\david\Downloads\marosProject\maros-next\src\features\leads\application\usecases\queries\listLeadsByTypeAndStatus.ts", "TypeScript", 20, 0, 0, 0, 4, 24
"c:\Users\david\Downloads\marosProject\maros-next\src\features\leads\application\usecases\queries\listProjectTypes.ts", "TypeScript", 12, 0, 0, 0, 2, 14
"c:\Users\david\Downloads\marosProject\maros-next\src\features\leads\application\usecases\queries\summarizeLeadsByType.ts", "TypeScript", 10, 0, 0, 0, 2, 12
"c:\Users\david\Downloads\marosProject\maros-next\src\features\leads\application\usecases\queries\validateLeadNumberAvailability.ts", "TypeScript", 11, 0, 0, 0, 2, 13
"c:\Users\david\Downloads\marosProject\maros-next\src\features\leads\application\utils\buildLeadSections.ts", "TypeScript", 1, 0, 0, 0, 1, 2
"c:\Users\david\Downloads\marosProject\maros-next\src\features\leads\config\index.ts", "TypeScript", 1, 0, 0, 0, 1, 2
"c:\Users\david\Downloads\marosProject\maros-next\src\features\leads\config\leadTypeConfigs.ts", "TypeScript", 39, 0, 0, 0, 3, 42
"c:\Users\david\Downloads\marosProject\maros-next\src\features\leads\domain\index.ts", "TypeScript", 3, 0, 0, 0, 1, 4
"c:\Users\david\Downloads\marosProject\maros-next\src\features\leads\domain\models.ts", "TypeScript", 85, 0, 0, 0, 20, 105
"c:\Users\david\Downloads\marosProject\maros-next\src\features\leads\domain\models\Lead.ts", "TypeScript", 16, 0, 0, 0, 2, 18
"c:\Users\david\Downloads\marosProject\maros-next\src\features\leads\domain\models\ProjectType.ts", "TypeScript", 5, 0, 0, 0, 1, 6
"c:\Users\david\Downloads\marosProject\maros-next\src\features\leads\domain\models\index.ts", "TypeScript", 2, 0, 0, 0, 1, 3
"c:\Users\david\Downloads\marosProject\maros-next\src\features\leads\domain\ports.ts", "TypeScript", 13, 0, 0, 5, 3, 21
"c:\Users\david\Downloads\marosProject\maros-next\src\features\leads\domain\ports\LeadNumberAvailabilityPort.ts", "TypeScript", 3, 0, 0, 0, 1, 4
"c:\Users\david\Downloads\marosProject\maros-next\src\features\leads\domain\ports\LeadRepositoryPort.ts", "TypeScript", 11, 0, 0, 5, 3, 19
"c:\Users\david\Downloads\marosProject\maros-next\src\features\leads\domain\ports\ProjectTypeRepositoryPort.ts", "TypeScript", 4, 0, 0, 0, 2, 6
"c:\Users\david\Downloads\marosProject\maros-next\src\features\leads\domain\ports\index.ts", "TypeScript", 3, 0, 0, 0, 1, 4
"c:\Users\david\Downloads\marosProject\maros-next\src\features\leads\domain\services\applyLeadPatch.ts", "TypeScript", 145, 0, 0, 1, 21, 167
"c:\Users\david\Downloads\marosProject\maros-next\src\features\leads\domain\services\buildLeadDraft.ts", "TypeScript", 98, 0, 0, 0, 16, 114
"c:\Users\david\Downloads\marosProject\maros-next\src\features\leads\domain\services\diffToPatch.ts", "TypeScript", 41, 0, 0, 0, 10, 51
"c:\Users\david\Downloads\marosProject\maros-next\src\features\leads\domain\services\ensureLeadDraftIntegrity.ts", "TypeScript", 64, 0, 0, 0, 6, 70
"c:\Users\david\Downloads\marosProject\maros-next\src\features\leads\domain\services\ensureLeadIntegrity.ts", "TypeScript", 133, 0, 0, 0, 17, 150
"c:\Users\david\Downloads\marosProject\maros-next\src\features\leads\domain\services\index.ts", "TypeScript", 46, 0, 0, 0, 1, 47
"c:\Users\david\Downloads\marosProject\maros-next\src\features\leads\domain\services\leadContactLinkPolicy.ts", "TypeScript", 52, 0, 0, 0, 8, 60
"c:\Users\david\Downloads\marosProject\maros-next\src\features\leads\domain\services\leadCreateMapper.ts", "TypeScript", 56, 0, 0, 0, 8, 64
"c:\Users\david\Downloads\marosProject\maros-next\src\features\leads\domain\services\leadNumberPolicy.ts", "TypeScript", 87, 0, 0, 0, 9, 96
"c:\Users\david\Downloads\marosProject\maros-next\src\features\leads\domain\services\leadReadMapper.ts", "TypeScript", 137, 0, 0, 0, 20, 157
"c:\Users\david\Downloads\marosProject\maros-next\src\features\leads\domain\services\leadSections.ts", "TypeScript", 43, 0, 0, 0, 11, 54
"c:\Users\david\Downloads\marosProject\maros-next\src\features\leads\domain\services\leadStatusPolicy.ts", "TypeScript", 53, 0, 0, 0, 9, 62
"c:\Users\david\Downloads\marosProject\maros-next\src\features\leads\domain\services\leadStatusSummary.ts", "TypeScript", 47, 0, 0, 0, 10, 57
"c:\Users\david\Downloads\marosProject\maros-next\src\features\leads\domain\services\leadUpdateMapper.ts", "TypeScript", 23, 0, 0, 0, 3, 26
"c:\Users\david\Downloads\marosProject\maros-next\src\features\leads\domain\services\leadsQueries.ts", "TypeScript", 39, 0, 0, 0, 8, 47
"c:\Users\david\Downloads\marosProject\maros-next\src\features\leads\domain\types.ts", "TypeScript", 4, 0, 0, 0, 1, 5
"c:\Users\david\Downloads\marosProject\maros-next\src\features\leads\index.ts", "TypeScript", 3, 0, 0, 2, 2, 7
"c:\Users\david\Downloads\marosProject\maros-next\src\features\leads\infra\http\LeadHttpRepository.ts", "TypeScript", 91, 0, 0, 0, 15, 106
"c:\Users\david\Downloads\marosProject\maros-next\src\features\leads\infra\http\LeadNumberAvailabilityHttpService.ts", "TypeScript", 17, 0, 0, 0, 5, 22
"c:\Users\david\Downloads\marosProject\maros-next\src\features\leads\infra\http\ProjectTypeHttpRepository.ts", "TypeScript", 11, 0, 0, 0, 2, 13
"c:\Users\david\Downloads\marosProject\maros-next\src\features\leads\infra\http\endpoints.ts", "TypeScript", 10, 0, 0, 0, 3, 13
"c:\Users\david\Downloads\marosProject\maros-next\src\features\leads\infra\http\mappers.ts", "TypeScript", 104, 0, 0, 0, 13, 117
"c:\Users\david\Downloads\marosProject\maros-next\src\features\leads\infra\index.ts", "TypeScript", 4, 0, 0, 0, 1, 5
"c:\Users\david\Downloads\marosProject\maros-next\src\features\leads\presentation\atoms\LeadStatusBadge.tsx", "TypeScript JSX", 0, 0, 30, 0, 6, 36
"c:\Users\david\Downloads\marosProject\maros-next\src\features\leads\presentation\atoms\ProjectTypeBadge.tsx", "TypeScript JSX", 0, 0, 34, 1, 6, 41
"c:\Users\david\Downloads\marosProject\maros-next\src\features\leads\presentation\atoms\index.ts", "TypeScript", 2, 0, 0, 0, 1, 3
"c:\Users\david\Downloads\marosProject\maros-next\src\features\leads\presentation\hooks\useCreateLeadController.ts", "TypeScript", 100, 0, 0, 0, 10, 110
"c:\Users\david\Downloads\marosProject\maros-next\src\features\leads\presentation\hooks\useInstantLeadsByType.ts", "TypeScript", 44, 0, 0, 4, 8, 56
"c:\Users\david\Downloads\marosProject\maros-next\src\features\leads\presentation\hooks\useLeadsTableColumns.tsx", "TypeScript JSX", 0, 0, 112, 0, 4, 116
"c:\Users\david\Downloads\marosProject\maros-next\src\features\leads\presentation\hooks\useLeadsTableLogic.ts", "TypeScript", 162, 0, 0, 0, 15, 177
"c:\Users\david\Downloads\marosProject\maros-next\src\features\leads\presentation\hooks\useUpdateLeadController.ts", "TypeScript", 77, 0, 0, 1, 11, 89
"c:\Users\david\Downloads\marosProject\maros-next\src\features\leads\presentation\index.ts", "TypeScript", 10, 0, 0, 0, 1, 11
"c:\Users\david\Downloads\marosProject\maros-next\src\features\leads\presentation\molecules\ContactModeSelector.tsx", "TypeScript JSX", 0, 0, 87, 0, 7, 94
"c:\Users\david\Downloads\marosProject\maros-next\src\features\leads\presentation\molecules\LeadEditForm.tsx", "TypeScript JSX", 0, 0, 98, 0, 11, 109
"c:\Users\david\Downloads\marosProject\maros-next\src\features\leads\presentation\molecules\LeadForm.tsx", "TypeScript JSX", 0, 0, 99, 1, 13, 113
"c:\Users\david\Downloads\marosProject\maros-next\src\features\leads\presentation\molecules\LeadLocationField.tsx", "TypeScript JSX", 0, 0, 92, 4, 9, 105
"c:\Users\david\Downloads\marosProject\maros-next\src\features\leads\presentation\molecules\LeadsToolbar.tsx", "TypeScript JSX", 0, 0, 49, 0, 7, 56
"c:\Users\david\Downloads\marosProject\maros-next\src\features\leads\presentation\molecules\index.ts", "TypeScript", 4, 0, 0, 0, 1, 5
"c:\Users\david\Downloads\marosProject\maros-next\src\features\leads\presentation\organisms\CreateLeadModal.tsx", "TypeScript JSX", 0, 0, 94, 0, 3, 97
"c:\Users\david\Downloads\marosProject\maros-next\src\features\leads\presentation\organisms\EditLeadModal.tsx", "TypeScript JSX", 0, 0, 78, 0, 4, 82
"c:\Users\david\Downloads\marosProject\maros-next\src\features\leads\presentation\organisms\LeadsPageComponents.tsx", "TypeScript JSX", 0, 0, 19, 0, 2, 21
"c:\Users\david\Downloads\marosProject\maros-next\src\features\leads\presentation\organisms\LeadsTable.tsx", "TypeScript JSX", 0, 0, 100, 0, 11, 111
"c:\Users\david\Downloads\marosProject\maros-next\src\features\leads\presentation\organisms\index.ts", "TypeScript", 4, 0, 0, 0, 1, 5
"c:\Users\david\Downloads\marosProject\maros-next\src\features\leads\presentation\pages\LeadsPageByType.tsx", "TypeScript JSX", 0, 0, 17, 20, 5, 42
"c:\Users\david\Downloads\marosProject\maros-next\src\features\leads\presentation\pages\LeadsPageView.tsx", "TypeScript JSX", 0, 0, 123, 6, 7, 136
"c:\Users\david\Downloads\marosProject\maros-next\src\features\leads\presentation\pages\index.ts", "TypeScript", 2, 0, 0, 0, 1, 3
"c:\Users\david\Downloads\marosProject\maros-next\src\features\leads\presentation\pages\useLeadsPageByType.ts", "TypeScript", 40, 0, 0, 1, 5, 46
"c:\Users\david\Downloads\marosProject\maros-next\src\features\leads\presentation\pages\useLeadsPageLogic.ts", "TypeScript", 109, 0, 0, 29, 24, 162
"c:\Users\david\Downloads\marosProject\maros-next\src\features\leads\presentation\search\index.ts", "TypeScript", 1, 0, 0, 0, 1, 2
"c:\Users\david\Downloads\marosProject\maros-next\src\features\leads\presentation\search\leadsSearchConfig.ts", "TypeScript", 12, 0, 0, 0, 3, 15
"c:\Users\david\Downloads\marosProject\maros-next\src\features\projectType\application\context.ts", "TypeScript", 6, 0, 0, 0, 2, 8
"c:\Users\david\Downloads\marosProject\maros-next\src\features\projectType\application\index.ts", "TypeScript", 2, 0, 0, 0, 1, 3
"c:\Users\david\Downloads\marosProject\maros-next\src\features\projectType\application\usecases\queries\index.ts", "TypeScript", 1, 0, 0, 0, 1, 2
"c:\Users\david\Downloads\marosProject\maros-next\src\features\projectType\application\usecases\queries\listProjectTypes.ts", "TypeScript", 12, 0, 0, 0, 2, 14
"c:\Users\david\Downloads\marosProject\maros-next\src\features\projectType\domain\index.ts", "TypeScript", 2, 0, 0, 0, 1, 3
"c:\Users\david\Downloads\marosProject\maros-next\src\features\projectType\domain\models.ts", "TypeScript", 6, 0, 0, 0, 2, 8
"c:\Users\david\Downloads\marosProject\maros-next\src\features\projectType\domain\ports.ts", "TypeScript", 4, 0, 0, 0, 2, 6
"c:\Users\david\Downloads\marosProject\maros-next\src\features\projectType\index.ts", "TypeScript", 2, 0, 0, 2, 2, 6
"c:\Users\david\Downloads\marosProject\maros-next\src\features\projectType\infra\http\ProjectTypeHttpRepository.ts", "TypeScript", 10, 0, 0, 0, 2, 12
"c:\Users\david\Downloads\marosProject\maros-next\src\features\projectType\infra\index.ts", "TypeScript", 1, 0, 0, 0, 1, 2
"c:\Users\david\Downloads\marosProject\maros-next\src\features\projectType\presentation\hooks\useProjectTypes.ts", "TypeScript", 20, 0, 0, 0, 6, 26
"c:\Users\david\Downloads\marosProject\maros-next\src\features\projectType\presentation\index.ts", "TypeScript", 1, 0, 0, 0, 2, 3
"c:\Users\david\Downloads\marosProject\maros-next\src\features\project\application\index.ts", "TypeScript", 0, 0, 0, 1, 1, 2
"c:\Users\david\Downloads\marosProject\maros-next\src\features\project\domain\index.ts", "TypeScript", 4, 0, 0, 0, 1, 5
"c:\Users\david\Downloads\marosProject\maros-next\src\features\project\domain\models\Project.ts", "TypeScript", 18, 0, 0, 0, 2, 20
"c:\Users\david\Downloads\marosProject\maros-next\src\features\project\domain\models\index.ts", "TypeScript", 1, 0, 0, 0, 1, 2
"c:\Users\david\Downloads\marosProject\maros-next\src\features\project\domain\ports\ProjectRepositoryPort.ts", "TypeScript", 13, 0, 0, 0, 2, 15
"c:\Users\david\Downloads\marosProject\maros-next\src\features\project\domain\ports\index.ts", "TypeScript", 1, 0, 0, 0, 1, 2
"c:\Users\david\Downloads\marosProject\maros-next\src\features\project\domain\services\ensureProjectIntegrity.ts", "TypeScript", 19, 0, 0, 0, 4, 23
"c:\Users\david\Downloads\marosProject\maros-next\src\features\project\domain\services\index.ts", "TypeScript", 2, 0, 0, 0, 1, 3
"c:\Users\david\Downloads\marosProject\maros-next\src\features\project\domain\services\validateProjectDates.ts", "TypeScript", 29, 0, 0, 0, 3, 32
"c:\Users\david\Downloads\marosProject\maros-next\src\features\project\domain\types.ts", "TypeScript", 23, 0, 0, 0, 5, 28
"c:\Users\david\Downloads\marosProject\maros-next\src\features\project\index.ts", "TypeScript", 0, 0, 0, 6, 1, 7
"c:\Users\david\Downloads\marosProject\maros-next\src\features\project\infra\index.ts", "TypeScript", 0, 0, 0, 4, 2, 6
"c:\Users\david\Downloads\marosProject\maros-next\src\globals.d.ts", "TypeScript", 4, 0, 0, 0, 1, 5
"c:\Users\david\Downloads\marosProject\maros-next\src\hooks\useSidebarNavigation.ts", "TypeScript", 31, 0, 0, 0, 8, 39
"c:\Users\david\Downloads\marosProject\maros-next\src\shared\application.ts", "TypeScript", 1, 0, 0, 0, 0, 1
"c:\Users\david\Downloads\marosProject\maros-next\src\shared\application\makeCrudUseCases.ts", "TypeScript", 31, 0, 0, 0, 8, 39
"c:\Users\david\Downloads\marosProject\maros-next\src\shared\domain.ts", "TypeScript", 4, 0, 0, 0, 0, 4
"c:\Users\david\Downloads\marosProject\maros-next\src\shared\domain\BusinessRuleError.ts", "TypeScript", 38, 0, 0, 0, 5, 43
"c:\Users\david\Downloads\marosProject\maros-next\src\shared\domain\result.ts", "TypeScript", 5, 0, 0, 0, 2, 7
"c:\Users\david\Downloads\marosProject\maros-next\src\shared\domain\time.ts", "TypeScript", 10, 0, 0, 0, 3, 13
"c:\Users\david\Downloads\marosProject\maros-next\src\shared\hooks.ts", "TypeScript", 2, 0, 0, 0, 0, 2
"c:\Users\david\Downloads\marosProject\maros-next\src\shared\hooks\useEntityForm.ts", "TypeScript", 102, 0, 0, 0, 15, 117
"c:\Users\david\Downloads\marosProject\maros-next\src\shared\hooks\useTableWithSearch.ts", "TypeScript", 66, 0, 0, 11, 12, 89
"c:\Users\david\Downloads\marosProject\maros-next\src\shared\infra.ts", "TypeScript", 3, 0, 0, 0, 0, 3
"c:\Users\david\Downloads\marosProject\maros-next\src\shared\infra\http\OptimizedApiClient.ts", "TypeScript", 43, 0, 0, 0, 11, 54
"c:\Users\david\Downloads\marosProject\maros-next\src\shared\infra\http\index.ts", "TypeScript", 2, 0, 0, 0, 1, 3
"c:\Users\david\Downloads\marosProject\maros-next\src\shared\infra\http\types.ts", "TypeScript", 27, 0, 0, 0, 3, 30
"c:\Users\david\Downloads\marosProject\maros-next\src\shared\infra\rest\apiRoutes.ts", "TypeScript", 9, 0, 0, 0, 3, 12
"c:\Users\david\Downloads\marosProject\maros-next\src\shared\infra\rest\buildCrudEndpoints.ts", "TypeScript", 23, 0, 0, 0, 3, 26
"c:\Users\david\Downloads\marosProject\maros-next\src\shared\infra\rest\index.ts", "TypeScript", 8, 0, 0, 1, 2, 11
"c:\Users\david\Downloads\marosProject\maros-next\src\shared\infra\rest\mappers\index.ts", "TypeScript", 8, 0, 0, 0, 2, 10
"c:\Users\david\Downloads\marosProject\maros-next\src\shared\infra\rest\resourceRepository.ts", "TypeScript", 82, 0, 0, 0, 10, 92
"c:\Users\david\Downloads\marosProject\maros-next\src\shared\lib\queryClient.ts", "TypeScript", 15, 0, 0, 14, 4, 33
"c:\Users\david\Downloads\marosProject\maros-next\src\shared\mappers.ts", "TypeScript", 1, 0, 0, 0, 0, 1
"c:\Users\david\Downloads\marosProject\maros-next\src\shared\mappers\dto.ts", "TypeScript", 14, 0, 0, 0, 2, 16
"c:\Users\david\Downloads\marosProject\maros-next\src\shared\mappers\index.ts", "TypeScript", 1, 0, 0, 0, 1, 2
"c:\Users\david\Downloads\marosProject\maros-next\src\shared\query.ts", "TypeScript", 1, 0, 0, 0, 0, 1
"c:\Users\david\Downloads\marosProject\maros-next\src\shared\query\index.ts", "TypeScript", 2, 0, 0, 0, 1, 3
"c:\Users\david\Downloads\marosProject\maros-next\src\shared\query\instant.ts", "TypeScript", 42, 0, 0, 0, 5, 47
"c:\Users\david\Downloads\marosProject\maros-next\src\shared\search.ts", "TypeScript", 1, 0, 0, 0, 0, 1
"c:\Users\david\Downloads\marosProject\maros-next\src\shared\search\index.ts", "TypeScript", 2, 0, 0, 0, 1, 3
"c:\Users\david\Downloads\marosProject\maros-next\src\shared\search\types.ts", "TypeScript", 10, 0, 0, 0, 3, 13
"c:\Users\david\Downloads\marosProject\maros-next\src\shared\search\utils.ts", "TypeScript", 30, 0, 0, 0, 6, 36
"c:\Users\david\Downloads\marosProject\maros-next\src\shared\ui.ts", "TypeScript", 1, 0, 0, 0, 0, 1
"c:\Users\david\Downloads\marosProject\maros-next\src\shared\ui\atoms\Badge.tsx", "TypeScript JSX", 0, 0, 162, 1, 9, 172
"c:\Users\david\Downloads\marosProject\maros-next\src\shared\ui\atoms\Button.tsx", "TypeScript JSX", 0, 0, 83, 0, 9, 92
"c:\Users\david\Downloads\marosProject\maros-next\src\shared\ui\atoms\Checkbox.tsx", "TypeScript JSX", 0, 0, 12, 0, 4, 16
"c:\Users\david\Downloads\marosProject\maros-next\src\shared\ui\atoms\ColorPicker.tsx", "TypeScript JSX", 0, 0, 99, 0, 11, 110
"c:\Users\david\Downloads\marosProject\maros-next\src\shared\ui\atoms\DropdownPortal.tsx", "TypeScript JSX", 0, 0, 65, 10, 10, 85
"c:\Users\david\Downloads\marosProject\maros-next\src\shared\ui\atoms\Icon.tsx", "TypeScript JSX", 0, 0, 21, 0, 3, 24
"c:\Users\david\Downloads\marosProject\maros-next\src\shared\ui\atoms\Input.tsx", "TypeScript JSX", 0, 0, 70, 0, 7, 77
"c:\Users\david\Downloads\marosProject\maros-next\src\shared\ui\atoms\Label.tsx", "TypeScript JSX", 0, 0, 11, 0, 4, 15
"c:\Users\david\Downloads\marosProject\maros-next\src\shared\ui\atoms\SearchableSelect.tsx", "TypeScript JSX", 0, 0, 137, 4, 10, 151
"c:\Users\david\Downloads\marosProject\maros-next\src\shared\ui\atoms\Select.tsx", "TypeScript JSX", 0, 0, 27, 10, 6, 43
"c:\Users\david\Downloads\marosProject\maros-next\src\shared\ui\atoms\SelectNative.tsx", "TypeScript JSX", 0, 0, 57, 4, 6, 67
"c:\Users\david\Downloads\marosProject\maros-next\src\shared\ui\atoms\Skeleton.tsx", "TypeScript JSX", 0, 0, 10, 0, 4, 14
"c:\Users\david\Downloads\marosProject\maros-next\src\shared\ui\atoms\Spinner.tsx", "TypeScript JSX", 0, 0, 14, 0, 2, 16
"c:\Users\david\Downloads\marosProject\maros-next\src\shared\ui\atoms\StatusBadge.tsx", "TypeScript JSX", 0, 0, 30, 0, 5, 35
"c:\Users\david\Downloads\marosProject\maros-next\src\shared\ui\atoms\Textarea.tsx", "TypeScript JSX", 0, 0, 13, 0, 4, 17
"c:\Users\david\Downloads\marosProject\maros-next\src\shared\ui\atoms\Toast.tsx", "TypeScript JSX", 0, 0, 64, 0, 9, 73
"c:\Users\david\Downloads\marosProject\maros-next\src\shared\ui\atoms\Typography.tsx", "TypeScript JSX", 0, 0, 62, 0, 9, 71
"c:\Users\david\Downloads\marosProject\maros-next\src\shared\ui\atoms\index.ts", "TypeScript", 15, 0, 0, 0, 1, 16
"c:\Users\david\Downloads\marosProject\maros-next\src\shared\ui\context\ToastContext.tsx", "TypeScript JSX", 0, 0, 56, 0, 12, 68
"c:\Users\david\Downloads\marosProject\maros-next\src\shared\ui\controlStyles.ts", "TypeScript", 55, 0, 0, 2, 5, 62
"c:\Users\david\Downloads\marosProject\maros-next\src\shared\ui\hooks\useAnimatedHeight.ts", "TypeScript", 38, 0, 0, 0, 2, 40
"c:\Users\david\Downloads\marosProject\maros-next\src\shared\ui\hooks\useContextMenu.ts", "TypeScript", 59, 0, 0, 0, 1, 60
"c:\Users\david\Downloads\marosProject\maros-next\src\shared\ui\hooks\useCrudForm.ts", "TypeScript", 57, 0, 0, 10, 15, 82
"c:\Users\david\Downloads\marosProject\maros-next\src\shared\ui\hooks\useCrudModal.ts", "TypeScript", 59, 0, 0, 7, 11, 77
"c:\Users\david\Downloads\marosProject\maros-next\src\shared\ui\hooks\useCrudMutations.ts", "TypeScript", 84, 0, 0, 10, 14, 108
"c:\Users\david\Downloads\marosProject\maros-next\src\shared\ui\hooks\useCrudPage.ts", "TypeScript", 115, 0, 0, 37, 15, 167
"c:\Users\david\Downloads\marosProject\maros-next\src\shared\ui\hooks\useCrudState.ts", "TypeScript", 42, 0, 0, 9, 10, 61
"c:\Users\david\Downloads\marosProject\maros-next\src\shared\ui\hooks\useDeleteModal.ts", "TypeScript", 67, 0, 0, 0, 1, 68
"c:\Users\david\Downloads\marosProject\maros-next\src\shared\ui\hooks\useFormController.ts", "TypeScript", 83, 0, 0, 0, 1, 84
"c:\Users\david\Downloads\marosProject\maros-next\src\shared\ui\hooks\useFormHandlers.ts", "TypeScript", 45, 0, 0, 0, 1, 46
"c:\Users\david\Downloads\marosProject\maros-next\src\shared\ui\hooks\useNotesEditor.ts", "TypeScript", 88, 0, 0, 15, 18, 121
"c:\Users\david\Downloads\marosProject\maros-next\src\shared\ui\hooks\useNotesModal.ts", "TypeScript", 75, 0, 0, 0, 1, 76
"c:\Users\david\Downloads\marosProject\maros-next\src\shared\ui\hooks\usePersistentToggle.ts", "TypeScript", 49, 0, 0, 0, 2, 51
"c:\Users\david\Downloads\marosProject\maros-next\src\shared\ui\iconSizes.ts", "TypeScript", 25, 0, 0, 13, 4, 42
"c:\Users\david\Downloads\marosProject\maros-next\src\shared\ui\index.ts", "TypeScript", 70, 0, 0, 0, 7, 77
"c:\Users\david\Downloads\marosProject\maros-next\src\shared\ui\molecules\AddressAutocompleteInput.tsx", "TypeScript JSX", 0, 0, 42, 0, 4, 46
"c:\Users\david\Downloads\marosProject\maros-next\src\shared\ui\molecules\AddressAutocompleteWithMap.tsx", "TypeScript JSX", 0, 0, 189, 12, 31, 232
"c:\Users\david\Downloads\marosProject\maros-next\src\shared\ui\molecules\Alert.tsx", "TypeScript JSX", 0, 0, 29, 0, 7, 36
"c:\Users\david\Downloads\marosProject\maros-next\src\shared\ui\molecules\ContextMenu.tsx", "TypeScript JSX", 0, 0, 143, 3, 20, 166
"c:\Users\david\Downloads\marosProject\maros-next\src\shared\ui\molecules\CustomerSection.tsx", "TypeScript JSX", 0, 0, 28, 0, 4, 32
"c:\Users\david\Downloads\marosProject\maros-next\src\shared\ui\molecules\EmptyState.tsx", "TypeScript JSX", 0, 0, 30, 0, 4, 34
"c:\Users\david\Downloads\marosProject\maros-next\src\shared\ui\molecules\Field.tsx", "TypeScript JSX", 0, 0, 25, 4, 2, 31
"c:\Users\david\Downloads\marosProject\maros-next\src\shared\ui\molecules\LocationField.tsx", "TypeScript JSX", 0, 0, 95, 39, 9, 143
"c:\Users\david\Downloads\marosProject\maros-next\src\shared\ui\molecules\Modal.tsx", "TypeScript JSX", 0, 0, 83, 0, 12, 95
"c:\Users\david\Downloads\marosProject\maros-next\src\shared\ui\molecules\NotesButton.tsx", "TypeScript JSX", 0, 0, 54, 0, 3, 57
"c:\Users\david\Downloads\marosProject\maros-next\src\shared\ui\molecules\SearchBoxWithDropdown.tsx", "TypeScript JSX", 0, 0, 87, 0, 11, 98
"c:\Users\david\Downloads\marosProject\maros-next\src\shared\ui\molecules\TableEmptyState.tsx", "TypeScript JSX", 0, 0, 15, 4, 3, 22
"c:\Users\david\Downloads\marosProject\maros-next\src\shared\ui\molecules\TableSkeleton.tsx", "TypeScript JSX", 0, 0, 76, 0, 5, 81
"c:\Users\david\Downloads\marosProject\maros-next\src\shared\ui\molecules\TableToolbar.tsx", "TypeScript JSX", 0, 0, 77, 0, 8, 85
"c:\Users\david\Downloads\marosProject\maros-next\src\shared\ui\molecules\index.ts", "TypeScript", 12, 0, 0, 0, 1, 13
"c:\Users\david\Downloads\marosProject\maros-next\src\shared\ui\organisms\ContactViewModal.tsx", "TypeScript JSX", 0, 0, 57, 0, 5, 62
"c:\Users\david\Downloads\marosProject\maros-next\src\shared\ui\organisms\DeleteFeedbackModal.tsx", "TypeScript JSX", 0, 0, 59, 0, 3, 62
"c:\Users\david\Downloads\marosProject\maros-next\src\shared\ui\organisms\EditModal.tsx", "TypeScript JSX", 0, 0, 53, 0, 3, 56
"c:\Users\david\Downloads\marosProject\maros-next\src\shared\ui\organisms\NotesEditorModal.tsx", "TypeScript JSX", 0, 0, 165, 0, 8, 173
"c:\Users\david\Downloads\marosProject\maros-next\src\shared\ui\organisms\SimpleTable.tsx", "TypeScript JSX", 0, 0, 138, 0, 19, 157
"c:\Users\david\Downloads\marosProject\maros-next\src\shared\ui\organisms\index.ts", "TypeScript", 5, 0, 0, 0, 1, 6
"c:\Users\david\Downloads\marosProject\maros-next\src\shared\ui\templates\EntityCrudPageTemplate.tsx", "TypeScript JSX", 0, 0, 37, 5, 4, 46
"c:\Users\david\Downloads\marosProject\maros-next\src\shared\ui\templates\PageContainer.tsx", "TypeScript JSX", 0, 0, 41, 4, 4, 49
"c:\Users\david\Downloads\marosProject\maros-next\src\shared\ui\templates\index.ts", "TypeScript", 2, 0, 0, 0, 1, 3
"c:\Users\david\Downloads\marosProject\maros-next\src\shared\ui\utils\cx.ts", "TypeScript", 3, 0, 0, 8, 1, 12
"c:\Users\david\Downloads\marosProject\maros-next\src\shared\utils.ts", "TypeScript", 1, 0, 0, 0, 0, 1
"c:\Users\david\Downloads\marosProject\maros-next\src\shared\utils\formHelpers.ts", "TypeScript", 45, 0, 0, 17, 12, 74
"c:\Users\david\Downloads\marosProject\maros-next\src\shared\utils\notes.ts", "TypeScript", 12, 0, 0, 0, 1, 13
"c:\Users\david\Downloads\marosProject\maros-next\src\shared\validation.ts", "TypeScript", 49, 0, 0, 0, 9, 58
"c:\Users\david\Downloads\marosProject\maros-next\src\styles\globals.css", "PostCSS", 0, 130, 0, 1, 35, 166
"c:\Users\david\Downloads\marosProject\maros-next\src\types\hooks\context-menu.ts", "TypeScript", 27, 0, 0, 0, 5, 32
"c:\Users\david\Downloads\marosProject\maros-next\src\types\index.ts", "TypeScript", 8, 0, 0, 0, 3, 11
"c:\Users\david\Downloads\marosProject\maros-next\src\types\sidebar.ts", "TypeScript", 13, 0, 0, 0, 3, 16
"Total", "-", 8710, 130, 6204, 661, 2083, 17788